,title,score,id,subreddit,url,num_comments,body,reply,created
0,"Regular check-in post, with information about our rules and wikis",78,xgpxny,depression,https://www.reddit.com/r/depression/comments/xgpxny/regular_checkin_post_with_information_about_our/,281,"Welcome to /r/depression's check-in post - a place to take a moment and share what is going on and how you are doing. If you have an accomplishment you want to talk about (these shouldn't be standalone posts in the sub as they violate the ""role model"" rule, but are welcome here), or are having a tough time but prefer not to make your own post, this is a place you can share.

-----

Our subreddit rules are located in the sidebar (you can also always access them at /r/depression/about/rules) - since all of them exist for important safety reasons, we ask everyone here to read and follow them. Please click 'report' on any harmful content you see here - we always want to know and deal as soon as we can.

We also have several wikis there for help with finding and giving support:

/r/depression/wiki/what_is_depression provides guidance about what is and isn't a depressive disorder, guidance on the complex nature of the illnesses that are usually grouped under the ""depression"" label, and redirect information for common off-topic issues.

/r/depression/wiki/giving_help offers information on the nature and value of peer support for mental-health issues in general, and lots of guidance for learning what is -- and isn't -- usually helpful in giving peer support.

YSK that the types of rule violations that we most frequently see interfering with people getting safe and relevant support here are:

- People breaking the private contact rule. You should never trust anyone who tries to get you into a private conversation in response to a post here. See /r/depression/wiki/private_contact

- ""I'm here to help"" posts. This shows that you don't understand the most basic principles of peer support, especially selectivity. The ""giving help"" wiki explains more about this.

- Role modelling, i.e. ""achievement"" or ""advice"" posts. This is an expert-free zone -- that's what peer support means (rule 5). We know that ""internet culture"" celebrate not just bragging about your achievements but bragging about your good intentions. Nothing like that is ever acceptable here.

- Content that's more about 'making a statement' or casually polling the sub than seeking personal support (or, in a comment, giving it) (rules 1, 2 and 10).

- Off-topic posts about difficult situations or circumstances, including interpersonal losses. Grief, sadness, anger, and other difficult emotions are not mental illnesses. The ""what is depression"" wiki has suggestions for other places to post about these issues, which are 100% valid and serious but inappropriate here.",Wish a friend would just check in on me,1663429685.0
1,"Our most-broken and least-understood rules is ""helpers may not invite private contact as a first resort"", so we've made a new wiki to explain it",2365,doqwow,depression,https://www.reddit.com/r/depression/comments/doqwow/our_mostbroken_and_leastunderstood_rules_is/,180,"We understand that most people who reply immediately to an OP with an invitation to talk privately  mean only to help, but this type of response usually leads to either disappointment or disaster.  it usually works out quite differently here than when you say ""PM me anytime"" in a casual social context.  

We have huge admiration and appreciation for the goodwill and good citizenship of so many of you who support others here and flag inappropriate content - even more so because we know that so many of you are struggling yourselves.  We're hard at work behind the scenes on more information and resources to make it easier to give and get quality help here - this is just a small start.  

Our new wiki page explains in detail why it's much better to respond in public comments, at least until you've gotten to know someone.  It will be maintained at /r/depression/wiki/private_contact, and the full text of the current version is below.

*****

###Summary###

**Anyone who, while acting as a helper, invites or accepts private contact (I.e. PMs, chat, or any kind of offsite communication) early in the conversion is showing either bad intentions or bad judgement.  Either way, it's unwise to trust them.** 


""PM me anytime"" seems like a kind and generous offer. And it might be perfectly well-meaning, but, unless and until a solid rapport has been established, it's just not a wise idea.  Here are some points to consider before you offer or accept an invitation to communicate privately.

* **By posting supportive replies publicly, you'll help more people than just the OP. If your responses are of good quality, you'll educate and inspire other helpers.** [The 1-9-90 rule](https://en.wikipedia.org/wiki/1%25_rule_(Internet_culture\)) applies here as much as it does anywhere else on the internet.  

* People who are struggling with serious mental-health issues often (justifiably) have a low tolerance for disappointment and a high-level of ever-changing emotional need. **Unless the helper is able to make a 100% commitment to be there for them in every way, for as long as necessary, offering a personal inbox as a resource is likely to do more harm than good.** This is why mental-health crisis-line responders usually don't give their names and callers aren't allowed to request specific responders.  It's much healthier and safer for the callers to develop a relationship with the agency as a whole.  Analogously, it's much safer and healthier for our OPs to develop a relationship with the community as a whole.  Even trained responders are generally not allowed to work high-intensity situations alone.  It's partly about availability, but it's mostly about wider perspective and preventing compassion fatigue. 

* **If a helper gets in over their head with someone whose mental-health issues (including suicidality, which is often comorbid with depression) escalate, in a PM conversation it's much harder for others, including the /r/depression and /r/SuicideWatch moderators to help**.  (Contrary to common assumptions, moderators can't see or police PMs.)  

* In our observation over many years, the people who say ""PM me"" the most are consistently the ones with the least understanding of mental-health issues and mental-health support. We all have gaps in our knowledge and in our ability to communicate effectively.  Community input mitigates these limitations. **There's no reason why someone who's truly here to help would want to hide their responses from community scrutiny**.  If helpers are concerned about their own privacy, keep in mind that self-disclosure, when used supportively, is more about the feelings than the details, and that we have no problem here with the use of alt/throwaway accounts, and have no restrictions on account age or karma.  

*  We all know the internet is used by some people to exploit or abuse others.  These people *do* want to hide their deceptive and manipulative responses from everyone except their victims. There are many of them who specifically target those who are vulnerable because of mental-health issues. **If a helper invites an OP to talk privately and gives them a good, supportive experience, they've primed that person to be more vulnerable to abusers.** This sort of cognitive priming tends to be particularly effective when someone's in a state of mental-health crisis, when people rely more on heuristics than critical reasoning.

* If OPs want to talk privately, posting on a wide-open anonymous forum like reddit might not be the best option. Although we don't recommend it, we do allow OPs to request private contact when asking for support. If you want to do this, please keep your expectations realistic, and to have a careful look at the history of anyone who offers to PM before opening up to them.",Understood and I apologise if I forget in the future and break it,1572360722.0
2,fuck this,157,yljwt8,depression,https://www.reddit.com/r/depression/comments/yljwt8/fuck_this/,79,"fuck you fuck this I hate all of this. I get it I already know I'm a fucking worthless piece of shit already, I know. no one ever checks up on me just asks me if I'm okay and actually seems willing to hear the truth,  no one ever just listens to me and seems to actually care. I fucking get it!!! I know I know no one cares about me or loves me you make it so fucking obvious! I get it, it's easier to act like I don't exist and like I don't matter. I know because I'm just a stupid, annoying whiney bitch that never amounted to anything and ever will. I guarantee almost no one will reply to this cause no one give a FUCCKKKKKKKKK. it's okay I know I should just kill myself anyway I think about doing it all the time. not like anyone will actually miss me anyway or like my presence is actually of any value. I get it!!!!",Vent as much as you need. I'll listen and not judge.,1667521988.0
3,never felt so alone,29,yls9ll,depression,https://www.reddit.com/r/depression/comments/yls9ll/never_felt_so_alone/,9,"Not sure how I‚Äôve found myself in this predicament. I have the relationship, the friends, the family, and yet have never felt so alone in my life. I don‚Äôt know what changed but for the first time, I feel like I truly have no one. I feel like I have no one to go to, like no one understands, and I‚Äôm left stuck not being able to express myself. It‚Äôs the strangest thing because I know these people love me but yet I know I can‚Äôt go to them. I feel like I can‚Äôt even be self destructive because I can‚Äôt show what now seems to be a double life that I‚Äôn living. I dread every single day that passes and I can never seem to find myself wanting to experience the next day. Like I can‚Äôt even see into my own future. Just needed a place to vent.",Here is your place to vent. And if you feel alone a lot of people here can help you.,1667548735.0
4,Dropped out of college,28,ylpqvr,depression,https://www.reddit.com/r/depression/comments/ylpqvr/dropped_out_of_college/,3,I have been struggling with depression for a long time. Recently it and other reasons have caused me to drop out of college. I am 22 years old. I haven‚Äôt been doing anything since but laying in bed and sleeping. I don‚Äôt find joy in anything and have no motivation. I have pushed all my friends away. I am alone. I feel like my life is completely over. I think about ending it daily.,"I know hiw it feels. Just take your time, and everything will be better",1667539343.0
5,"The last couple times I went out with a friend, he told me ""the light seems to have faded from you""",10,ylumot,depression,https://www.reddit.com/r/depression/comments/ylumot/the_last_couple_times_i_went_out_with_a_friend_he/,1,"We usually joke about depression, like the good gen Z we are, but I think he's starting to realize I'm not ""joking"" like him. And that it's getting worse. Damn lmao.

I just wished I was normal","Gen z psh, gen y here: , you think darkness is your ally. But you merely adopted the dark; I was born in it, moulded by it. 

ü§£ yeah but you are deff a self aware generation mine still thinks I'm joking üôÉ",1667556296.0
6,I wish someone cared about me. Like in the movies when a friend or a partner goes out of their way to make you feel good. I wish I had someone to talk to when I feel horrible like now. I just wish I was worth something.,164,ylb0ta,depression,https://www.reddit.com/r/depression/comments/ylb0ta/i_wish_someone_cared_about_me_like_in_the_movies/,15,But I guess some people just don‚Äôt get that luxury,"The more I get to know other people and hear their story the more I realize how lonely life is for them. Even people who are charismatic and have all these ""friends"". One of my best friends was this way. He had this magnetic personality and people loved him and were drawn to him. Way more than me. I felt like a social zero compared to him. Anyway, he took his own life and I found out years later he had been struggling with feelings of loneliness. I couldn't believe it when I heard it. He was such a social guy. I know how you feel. It feels like no one cares about me either. And I didn't realize just how much other people struggle with the same feelings.

I have to remind myself that yes, I feel alone at times, but it also means that I am free to do whatever I like. I don't need to please anyone. I don't need to do anything for anyone. I can do what I want with my life and no one has any say in the matter. That is the one benefit I have found to being alone.",1667501237.0
7,Help with chronic boredom,8,ylvdd4,depression,https://www.reddit.com/r/depression/comments/ylvdd4/help_with_chronic_boredom/,0,"Hi!

I'm not sure if that's the right term, but it's the only way I can think of to describe it. Chronic boredom is the hardest thing I'm dealing with at the moment, and I am really frustrated because no one really knows how to help - my therapist told me she doesn't know how to help me anymore and I have had around 10 different ones already. I have tried pretty much every kind of therapy and medication you could think of. My BPD traits and depression have improved significantly to the point of being relatively manageable, but I cannot get rid of this issue for the life of me.

Very little things stimulate me enough to not be bored. I need to be out of the house doing workshops, classes or meeting up with people, which is not always possible. I panic when it gets to the weekend and I have no plans. Being as busy as possible helps me manage my depression, but it can also be exhausting to be looking out for things to do constantly. The thing is that, even though it might seem like an exageration, being bored can send me down a rabbithole of depression and suicidal ideation very quickly, so I have to be very careful with it.

Any ideas on how to handle it?

Thank you","The more I get to know other people and hear their story the more I realize how lonely life is for them. Even people who are charismatic and have all these ""friends"". One of my best friends was this way. He had this magnetic personality and people loved him and were drawn to him. Way more than me. I felt like a social zero compared to him. Anyway, he took his own life and I found out years later he had been struggling with feelings of loneliness. I couldn't believe it when I heard it. He was such a social guy. I know how you feel. It feels like no one cares about me either. And I didn't realize just how much other people struggle with the same feelings.

I have to remind myself that yes, I feel alone at times, but it also means that I am free to do whatever I like. I don't need to please anyone. I don't need to do anything for anyone. I can do what I want with my life and no one has any say in the matter. That is the one benefit I have found to being alone.",1667558568.0
8,Can someone please put in words what depression feels like?,81,ylenlr,depression,https://www.reddit.com/r/depression/comments/ylenlr/can_someone_please_put_in_words_what_depression/,92,"Hey guys, 

can someone please put in words what depression feels like? 

I was having a conversation with my parents about mental health and depression and they just can't understand what I meant when explaining it to them. Maybe it's just because I'm not very articulate or because I don't know how to explain it to a ""healthy"" person, maybe it's because they don't think that it's real... anyways I'd really appreciate any answers. 

Also, sometimes I'd like to put my feelings and emotions into words but can't seem to finde any. It feels horrible. Maybe you guys can help. 

Thanks.",Only those people who experienced depression that can only understand depressed people. Normal people only think that this is just a drama.,1667508935.0
9,I guess I‚Äôm reaching out,14,ylqu2r,depression,https://www.reddit.com/r/depression/comments/ylqu2r/i_guess_im_reaching_out/,3,"So a very long term relationship failed about a year ago. I feel like I‚Äôm slowly falling apart. I have adhd and bi-polar amongst whatever else haven‚Äôt been diagnosed. I‚Äôve become a heavy drinker and here and there I feel like I have moments of clarity. I‚Äôm falling apart, especially when I think of what I used to be. Idk. I know I‚Äôve not given any context. I don‚Äôt want to be the type to reach out ‚Äúfor sympathy‚Äù. I‚Äôve been drinking, just doing a reach out. If anyone sees this and is thinking of going to that grocery, /liquor store. Don‚Äôt.",hey. saw this and hear you. appreciate this post. i‚Äôve also been drinking and this made me feel seen.,1667543241.0
